﻿<?xml version="1.0" encoding="utf-8"?>
<AttributeTypes>
  <!--Associators-->
  <assoc name="samaccounttype" enum="ADS_SAMACCOUNT_TYPE" />
  <assoc name="grouptype" enum="ADS_GROUP_TYPE" />
  <assoc name="useraccountcontrol" enum="ADS_USER_FLAG" />
  <assoc name="systemflags" enum="ADS_SYSTEMFLAG" />
  <assoc name="searchflags" enum="ADS_SEARCHFLAG" />
  <assoc name="schemaflagsex" enum="ADS_SEARCHFLAGEX" />
  <assoc name="userParameter" berdecode="UserParameters" />
  <assoc name="StatsData" berdecode="StatsData" />
  <assoc name="supportedControl" dict="SUPPORTED_CONTROL" />
  <assoc name="supportedCapabilities" dict="SUPPORTED_CAPABILITIES" />
  <assoc name="domainFunctionality" enum="FUNCTIONAL_LEVEL" />
  <assoc name="forestFunctionality" enum="FUNCTIONAL_LEVEL" />
  <assoc name="domainControllerFunctionality" enum="FUNCTIONAL_LEVEL" />
  <assoc name="msds-behavior-version" enum="DS_BEHAVIOR" />
  <assoc name="msds-supportedencryptiontypes" enum="SUPPORTED_ENCRYPTION_TYPES" />
  <assoc name="trustattributes" enum="TRUST_ATTRIBUTES" />
  <assoc name="trustdirection" enum="TRUST_DIRECTION" />
  <assoc name="trusttype" enum="TRUST_TYPE" />
  <assoc name="instancetype" enum="INSTANCE_TYPE" />
  <assoc name="msDS-User-Account-Control-Computed" enum="ADS_USER_FLAG" />
  <!--BerDedoder-->
  <berdecode name="StatsData" value="iiiiiiiiiaiaiiiiiiiiiiiiii" tags="true">
    <field name="threadCount" />
    <field name="callTime" />
    <field name="entriesReturned" />
    <field name="entriesVisited" />
    <field name="filter" />
    <field name="index" />
    <field name="pagesReferenced" />
    <field name="pagesRead" />
    <field name="pagesPreread" />
    <field name="pagesDirtied" />
    <field name="pagesRedirtied" />
    <field name="logRecordCount" />
    <field name="logRecordBytes" />
  </berdecode>
  <berdecode name="StatsData" value="iiiiiiiiiaia" tags="true">&gt;
    <field name="threadCount" /><field name="callTime" /><field name="entriesReturned" /><field name="entriesVisited" /><field name="filter" /><field name="index" /></berdecode>
  <!--Enums-->
  <enum name="ADS_GROUP_TYPE" flags="true">
    <field name="BUILTIN_GROUP" value="0x00000001" />
    <field name="GLOBAL_GROUP" value="0x00000002" />
    <field name="DOMAIN_LOCAL_GROUP" value="0x00000004" />
    <field name="UNIVERSAL_GROUP" value="0x00000008" />
    <field name="SECURITY_ENABLED" value="-0x80000000" />
  </enum>
  <enum name="ADS_USER_FLAG" flags="true">
    <field name="SCRIPT" value="0x00000001" />
    <field name="ACCOUNTDISABLE" value="0x00000002" />
    <field name="HOMEDIR_REQUIRED" value="0x00000008" />
    <field name="LOCKOUT" value="0x00000010" />
    <field name="PASSWD_NOTREQD" value="0x00000020" />
    <field name="PASSWD_CANT_CHANGE" value="0x00000040" />
    <field name="ENCRYPTED_PASSWORD_ALLOWED" value="0x00000080" />
    <field name="TEMP_DUPLICATE_ACCOUNT" value="0x00000100" />
    <field name="NORMAL_ACCOUNT" value="0x00000200" />
    <field name="INTERDOMAIN_TRUST_ACCOUNT" value="0x00000800" />
    <field name="WORKSTATION_TRUST_ACCOUNT" value="0x00001000" />;
    <field name="SERVER_TRUST_ACCOUNT" value="0x00002000" /><field name="DONT_EXPIRE_PASSWD" value="0x00010000" /><field name="MNS_LOGON_ACCOUNT" value="0x00020000" /><field name="SMARTCARD_REQUIRED" value="0x00040000" /><field name="TRUSTED_FOR_DELEGATION" value="0x00080000" /><field name="NOT_DELEGATED" value="0x00100000" /><field name="USE_DES_KEY_ONLY" value="0x00200000" /><field name="DONT_REQUIRE_PREAUTH" value="0x00400000" /><field name="PASSWORD_EXPIRED" value="0x00800000" /><field name="TRUSTED_AUTH_FOR_DELEGATION" value="0x01000000" /></enum>
  <enum name="ADS_SAMACCOUNT_TYPE" flags="true">
    <field name="DOMAIN_OBJECT" value="0x0" />
    <field name="GROUP_OBJECT" value="0x10000000" />
    <field name="NON_SECURITY_GROUP_OBJECT" value="0x10000001" />
    <field name="ALIAS_OBJECT" value="0x20000000" />
    <field name="NON_SECURITY_ALIAS_OBJECT" value="0x20000001" />
    <field name="USER_OBJECT" value="0x30000000" />
    <field name="MACHINE_ACCOUNT" value="0x30000001" />
    <field name="TRUST_ACCOUNT" value="0x30000002" />
    <field name="APP_BASIC_GROUP" value="0x40000000" />
    <field name="APP_QUERY_GROUP" value="0x40000001" />
    <field name="ACCOUNT_TYPE_MAX" value="0x7fffffff" />
  </enum>
  <enum name="ADS_SYSTEMFLAG" flags="true">
    <field name="CR_NTDS_NC" value="0x00000001" />
    <field name="CR_NTDS_DOMAIN" value="0x00000002" />
    <field name="ATTR_IS_CONSTRUCTED" value="0x00000004" />
    <field name="SCHEMA_BASE_OBJECT" value="0x00000010" />
    <field name="DISALLOW_MOVE_ON_DELETE" value="0x02000000" />
    <field name="DISALLOW_MOVE" value="0x04000000" />
    <field name="DISALLOW_RENAME" value="0x08000000" />
    <field name="CONFIG_ALLOW_LIMITED_MOVE" value="0x10000000" />
    <field name="CONFIG_ALLOW_MOVE" value="0x20000000" />
    <field name="CONFIG_ALLOW_RENAME" value="0x40000000" />
    <field name="DISALLOW_DELETE" value="0x80000000" />
  </enum>
  <enum name="ADS_SEARCHFLAG" flags="true">
    <field name="INDEX_ATTRIBUTE" value="0x00000001" />
    <field name="CONTAINER_INDEX_ATTRIBUTE" value="0x00000002" />
    <field name="ANR_INDEX_ATTRIBUTE" value="0x00000004" />
    <field name="PRESERVE_ON_TOMBSTONE_ATTRIBUTE" value="0x00000008" />
    <field name="COPY_ATTRIBUTE" value="0x00000010" />
    <field name="TUPLE_INDEX_ATTRIBUTE" value="0x00000020" />
    <field name="VLV_PERFORMANCE_ATTRIBUTE" value="0x00000040" />
    <field name="CONFIDENTIAL_ATTRIBUTE" value="0x00000080" />
    <field name="DISABLE_AUDITING_ATTRIBUTE" value="0x00000100" />
    <field name="FILTERED_SET_ATTRIBUTE" value="0x00000200" />
  </enum>
  <enum name="ADS_SEARCHFLAGEX" flags="true">
    <field name="FLAG_ATTR_IS_CRITICAL" value="0x00000001" />
  </enum>
  <enum name="FUNCTIONAL_LEVEL">
    <field name="W2K_MODE" value="0x0" />
    <field name="W2K3_INTERIM_MODE" value="0x1" />
    <field name="W2K3_MODE" value="0x2" />
    <field name="W2K8_MODE" value="0x3" />
    <field name="W2K8R2_MODE" value="0x4" />
    <field name="W2K12_MODE" value="0x5" />
    <field name="W2K12R2_MODE" value="0x6" />
  </enum>
  <enum name="DS_BEHAVIOR">
    <field name="DS_BEHAVIOR_WIN2000" value="0x0" />
    <field name="DS_BEHAVIOR_WIN2003_MIXED" value="0x1" />
    <field name="DS_BEHAVIOR_WIN2003" value="0x2" />
    <field name="DS_BEHAVIOR_WIN2008" value="0x3" />
    <field name="DS_BEHAVIOR_WIN2008R2" value="0x4" />
    <field name="DS_BEHAVIOR_WIN2012" value="0x5" />
    <field name="DS_BEHAVIOR_WIN2012R2" value="0x6" />
  </enum>
  <enum name="SUPPORTED_ENCRYPTION_TYPES" flags="true">
    <field name="DES-CBC-CRC" value="0x1" />
    <field name="DES-CBC-MD5" value="0x2" />
    <field name="RC4-HMAC" value="0x4" />
    <field name="AES128-CTS-HMAC-SHA1-96" value="0x8" />
    <field name="AES256-CTS-HMAC-SHA1-96" value="0x10" />
    <field name="FAST_SUPPORTED" value="0x10000" />
    <field name="COUMPOUND_IDENTITY_SUPPORTED" value="0x200000" />
    <field name="CLAIMS_SUPPORTED" value="0x400000" />
    <field name="RESOURCE_SID_COMPRESSION" value="0x800000" />
  </enum>
  <enum name="TRUST_ATTRIBUTES" flags="true">
    <field name="NON_TRANSITIVE" value="0x1" />
    <field name="UPLEVEL_ONLY" value="0x2" />
    <field name="SID_FILTERING_QUARANTINED_DOMAIN" value="0x4" />
    <field name="FOREST_TRANSITIVE" value="0x8" />
    <field name="SELECTIVE_AUTH_CROSS_ORGANIZATION" value="0x10" />
    <field name="WITHIN_FOREST" value="0x20" />
    <field name="TREAT_AS_EXTERNAL" value="0x40" />
    <field name="USES_RC4_ENCRYPTION" value="0x80" />
    <field name="CROSS_ORGANIZATION_NO_TGT_DELEGATION" value="0x200" />
    <field name="PIM_TRUST" value="0x400" />
  </enum>
  <enum name="TRUST_DIRECTION" flags="false">
    <field name="INBOUND" value="0x1" />
    <field name="OUTBOUND" value="0x2" />
    <field name="BIDIRECTIONAL" value="0x3" />
  </enum>
  <enum name="TRUST_TYPE" flags="false">
    <field name="DOWNLEVEL" value="0x1" />
    <field name="UPLEVEL" value="0x2" />
    <field name="MIT" value="0x3" />
    <field name="DCE" value="0x4" />
  </enum>
  <enum name="INSTANCE_TYPE" flags="true">
    <field name="IS_NC_HEAD" value="0x1" />
    <field name="NO_INSTANCE_REPLICA" value="0x2" />
    <field name="WRITABLE" value="0x4" />
    <field name="NC_ABOVE" value="0x8" />
    <field name="CONSTRUCTING" value="0x10" />
    <field name="REMOVING" value="0x20" />
  </enum>
  <!--Dictionaries-->
  <dict name="SUPPORTED_CONTROL">
    <field name="1.2.840.113556.1.4.319" value="LDAP_PAGED_RESULT_OID_STRING" />
    <field name="1.2.840.113556.1.4.521" value="LDAP_SERVER_CROSSDOM_MOVE_TARGET_OID" />
    <field name="1.2.840.113556.1.4.841" value="LDAP_SERVER_DIRSYNC_OID" />
    <field name="1.2.840.113556.1.4.1339" value="LDAP_SERVER_DOMAIN_SCOPE_OID" />
    <field name="1.2.840.113556.1.4.529" value="LDAP_SERVER_EXTENDED_DN_OID" />
    <field name="1.2.840.113556.1.4.970" value="LDAP_SERVER_GET_STATS_OID" />
    <field name="1.2.840.113556.1.4.619" value="LDAP_SERVER_LAZY_COMMIT_OID" />
    <field name="1.2.840.113556.1.4.1413" value="LDAP_SERVER_PERMISSIVE_MODIFY_OID" />
    <field name="1.2.840.113556.1.4.528" value="LDAP_SERVER_NOTIFICATION_OID" />
    <field name="1.2.840.113556.1.4.474" value="LDAP_SERVER_RESP_SORT_OID" />
    <field name="1.2.840.113556.1.4.801" value="LDAP_SERVER_SD_FLAGS_OID" />
    <field name="1.2.840.113556.1.4.1340" value="LDAP_SERVER_SEARCH_OPTIONS_OID" />
    <field name="1.2.840.113556.1.4.473" value="LDAP_SERVER_SORT_OID" />
    <field name="1.2.840.113556.1.4.417" value="LDAP_SERVER_SHOW_DELETED_OID" />
    <field name="1.2.840.113556.1.4.805" value="LDAP_SERVER_TREE_DELETE_OID" />
    <field name="1.2.840.113556.1.4.1338" value="LDAP_SERVER_VERIFY_NAME_OID" />
    <field name="2.16.840.1.113730.3.4.9" value="LDAP_CONTROL_VLVREQUEST" />
    <field name="2.16.840.1.113730.3.4.10" value="LDAP_CONTROL_VLVRESPONSE" />
    <field name="1.2.840.113556.1.4.1504" value="LDAP_SERVER_ASQ_OID" />
    <field name="1.2.840.113556.1.4.1852" value="LDAP_SERVER_QUOTA_CONTROL_OID" />
    <field name="1.2.840.113556.1.4.802" value="LDAP_SERVER_RANGE_OPTION_OID" />
    <field name="1.2.840.113556.1.4.1907" value="LDAP_SERVER_SHUTDOWN_NOTIFY_OID" />
    <field name="1.2.840.113556.1.4.1974" value="LDAP_SERVER_FORCE_UPDATE_OID" />
    <field name="1.2.840.113556.1.4.1948" value="LDAP_SERVER_RANGE_RETRIEVAL_NOERR_OID" />
    <field name="1.2.840.113556.1.4.1341" value="LDAP_SERVER_RODC_DCPROMO_OID" />
    <field name="1.2.840.113556.1.4.2026" value="LDAP_SERVER_DN_INPUT_OID" />
    <field name="1.2.840.113556.1.4.2065" value="LDAP_SERVER_SHOW_DEACTIVATED_LINK_OID" />
    <field name="1.2.840.113556.1.4.2064" value="LDAP_SERVER_SHOW_RECYCLED_OID" />
    <field name="1.2.840.113556.1.4.2066" value="LDAP_SERVER_POLICY_HINTS_DEPRECATED_OID" />
    <field name="1.2.840.113556.1.4.2090" value="LDAP_SERVER_DIRSYNC_EX_OID" />
    <field name="1.2.840.113556.1.4.2205" value="LDAP_SERVER_UPDATE_STATS_OID" />
    <field name="1.2.840.113556.1.4.2204" value="LDAP_SERVER_TREE_DELETE_EX_OID" />
    <field name="1.2.840.113556.1.4.2206" value="LDAP_SERVER_SEARCH_HINTS_OID" />
    <field name="1.2.840.113556.1.4.2211" value="LDAP_SERVER_EXPECTED_ENTRY_COUNT_OID" />
    <field name="1.2.840.113556.1.4.2239" value="LDAP_SERVER_POLICY_HINTS_OID" />
    <field name="1.2.840.113556.1.4.2255" value="LDAP_SERVER_SET_OWNER_OID" />
    <field name="1.2.840.113556.1.4.2256" value="LDAP_SERVER_BYPASS_QUOTA_OID" />
  </dict>
  <dict name="SUPPORTED_CAPABILITIES">
    <field name="1.2.840.113556.1.4.800" value="LDAP_CAP_ACTIVE_DIRECTORY_OID" />
    <field name="1.2.840.113556.1.4.1670" value="LDAP_CAP_ACTIVE_DIRECTORY_V51_OID" />
    <field name="1.2.840.113556.1.4.1791" value="LDAP_CAP_ACTIVE_DIRECTORY_LDAP_INTEG_OID" />
    <field name="1.2.840.113556.1.4.1935" value="LDAP_CAP_ACTIVE_DIRECTORY_V61_OID" />
    <field name="1.2.840.113556.1.4.2080" value="LDAP_CAP_ACTIVE_DIRECTORY_V61_R2_OID" />
    <field name="1.2.840.113556.1.4.2237" value="LDAP_CAP_ACTIVE_DIRECTORY_W8_OID" />
    <field name="1.2.840.113556.1.4.1920" value="LDAP_CAP_ACTIVE_DIRECTORY_PARTIAL_SECRETS_OID" />
    <field name="1.2.840.113556.1.4.1851" value="LDAP_CAP_ACTIVE_DIRECTORY_ADAM_OID" />
    <field name="1.2.840.113556.1.4.1880" value="LDAP_CAP_ACTIVE_DIRECTORY_ADAM_DIGEST_OID" />
  </dict>
</AttributeTypes>