<?xml version="1.0" encoding="utf-16"?>
<RootDSEAttributes xmlns:xsd="http://www.w3.org/2001/XMLSchema" xmlns:xsi="http://www.w3.org/2001/XMLSchema-instance">
  <OperationalAttributes>
    <string>approximateHighestInternalObjectID</string>
    <string>dsaVersionString</string>
    <string>dsSchemaAttrCount</string>
    <string>dsSchemaClassCount</string>
    <string>dsSchemaPrefixCount</string>
    <string>msDS-PortLDAP</string>
    <string>msDS-PortSSL</string>
    <string>msDS-PrincipalName</string>
    <string>msDS-ReplAllInboundNeighbors</string>
    <string>msDS-ReplAllOutboundNeighbors</string>
    <string>msDS-ReplConnectionFailures</string>
    <string>msDS-ReplLinkFailures</string>
    <string>msDS-ReplPendingOps</string>
    <string>msDS-ReplQueueStatistics</string>
    <string>msDS-TopQuotaUsage</string>
    <string>netlogon</string>
    <string>pendingPropagations</string>
    <string>serviceAccountInfo</string>
    <string>spnRegistrationResult</string>
    <string>supportedConfigurableSettings</string>
    <string>supportedExtension</string>
    <string>tokenGroups</string>
    <string>usnAtRifm</string>
    <string>validFSMOs</string>
  </OperationalAttributes>
</RootDSEAttributes>